duration,duration_text,duration_to_text
12:30:00,12:30:00,0.520833333
24:30:00,24:30:00,1.020833333
